"0","# Check the data types of df$Total.Sales and df$Price"
"0","class(df$Total.Sales)"
"1","[1]"
"1"," ""numeric"""
"1","
"
"0","class(df$Price)"
"1","[1]"
"1"," ""numeric"""
"1","
"
"0","# Convert df$Total.Sales and df$Price to numeric if they are not already"
"0","df$Total.Sales <- as.numeric(df$Total.Sales)"
"0","df$Price <- as.numeric(df$Price)"
"0",""
"0","# Check if there are any NA or non-numeric values in df$Total.Sales and df$Price after conversion"
"0","sum(is.na(df$Total.Sales))"
"1","[1]"
"1"," 0"
"1","
"
"0","sum(is.na(df$Price))"
"1","[1]"
"1"," 0"
"1","
"
"0","# If there are non-numeric values, handle them appropriately (e.g., remove them or impute them)"
"0",""
"0","# Calculate Revenue"
"0","df$Revenue <- paste(""$"", df$Total.Sales * df$Price)"
"0","rev = class(df$Revenue)"
"0","print(rev)"
"1","[1]"
"1"," ""character"""
"1","
"
"0","# View the dataframe"
"0","View(df)"
"0",""
"0",""
